{
  "originalCost": 6999932.6000000015,
  "newCost": 7550121.399999999,
  "totalConcreteM3": 2895,
  "expectedSteelTons": 347.4,
  "itemsAudited": 320
}